_id,LotArea,OverallQual,OverallCond,YearBuilt,YearRemodAdd
0,8450,7,5,2003,2003
1,9600,6,8,1976,1976
2,11250,7,5,2001,2002
3,9550,7,5,1915,1970
4,14260,8,5,2000,2000
5,14115,5,5,1993,1995
6,10084,8,5,2004,2005
7,10382,7,6,1973,1973
8,6120,7,5,1931,1950
9,7420,5,6,1939,1950
10,11200,5,5,1965,1965
11,11924,9,5,2005,2006
12,12968,5,6,1962,1962
13,10652,7,5,2006,2007
14,10920,6,5,1960,1960
15,6120,7,8,1929,2001
16,11241,6,7,1970,1970
17,10791,4,5,1967,1967
18,13695,5,5,2004,2004
19,7560,5,6,1958,1965
20,14215,8,5,2005,2006
21,7449,7,7,1930,1950
22,9742,8,5,2002,2002
23,4224,5,7,1976,1976
24,8246,5,8,1968,2001
25,14230,8,5,2007,2007
26,7200,5,7,1951,2000
27,11478,8,5,2007,2008
28,16321,5,6,1957,1997
29,6324,4,6,1927,1950
30,8500,4,4,1920,1950
31,8544,5,6,1966,2006
32,11049,8,5,2007,2007
33,10552,5,5,1959,1959
34,7313,9,5,2005,2005
35,13418,8,5,2004,2005
36,10859,5,5,1994,1995
37,8532,5,6,1954,1990
38,7922,5,7,1953,2007
39,6040,4,5,1955,1955
40,8658,6,5,1965,1965
41,16905,5,6,1959,1959
42,9180,5,7,1983,1983
43,9200,5,6,1975,1980
44,7945,5,6,1959,1959
45,7658,9,5,2005,2005
46,12822,7,5,2003,2003
47,11096,8,5,2006,2006
48,4456,4,5,1920,2008
49,7742,5,7,1966,1966
50,13869,6,6,1997,1997
51,6240,6,6,1934,1950
52,8472,5,5,1963,1963
53,50271,9,5,1981,1987
54,7134,5,5,1955,1955
55,10175,6,5,1964,1964
56,2645,8,5,1999,2000
57,11645,7,5,2004,2004
58,13682,10,5,2006,2006
59,7200,5,7,1972,1972
60,13072,6,5,2004,2004
61,7200,5,7,1920,1996
62,6442,8,5,2006,2006
63,10300,7,6,1921,1950
64,9375,7,5,1997,1998
65,9591,8,5,2004,2005
66,19900,7,5,1970,1989
67,10665,7,5,2003,2003
68,4608,4,6,1945,1950
69,15593,7,4,1953,1953
70,13651,7,6,1973,1973
71,7599,4,6,1982,2006
72,10141,7,5,1998,1998
73,10200,5,7,1954,2003
74,5790,3,6,1915,1950
75,1596,4,5,1973,1973
76,8475,4,7,1956,1956
77,8635,5,5,1948,2001
78,10778,4,5,1968,1968
79,10440,5,6,1910,1981
80,13000,6,6,1968,1968
81,4500,6,5,1998,1998
82,10206,8,5,2007,2007
83,8892,5,5,1960,1960
84,8530,7,5,1995,1996
85,16059,8,5,1991,1992
86,11911,6,5,2005,2005
87,3951,6,5,2009,2009
88,8470,3,2,1915,1982
89,8070,4,5,1994,1995
90,7200,4,5,1950,1950
91,8500,5,3,1961,1961
92,13360,5,7,1921,2006
93,7200,6,6,1910,1998
94,9337,6,5,1997,1997
95,9765,6,8,1993,1993
96,10264,7,5,1999,1999
97,10921,4,5,1965,1965
98,10625,5,5,1920,1950
99,9320,4,5,1959,1959
100,10603,6,7,1977,2001
101,9206,6,5,1985,1985
102,7018,5,5,1979,1979
103,10402,7,5,2009,2009
104,7758,7,4,1931,1950
105,9375,8,5,2003,2004
106,10800,4,7,1885,1995
107,6000,5,5,1948,1950
108,8500,5,7,1919,2005
109,11751,6,6,1977,1977
110,9525,6,4,1954,1972
111,7750,7,5,2000,2000
112,9965,7,5,2007,2007
113,21000,6,5,1953,1953
114,7259,6,8,1945,2002
115,3230,6,5,1999,1999
116,11616,5,5,1962,1962
117,8536,5,5,2006,2007
118,12376,7,5,1990,1990
119,8461,6,5,2005,2006
120,21453,6,5,1969,1969
121,6060,4,5,1939,1950
122,9464,6,7,1958,1958
123,7892,6,5,1993,1993
124,17043,6,5,1979,1998
125,6780,6,8,1935,1982
126,4928,6,5,1976,1976
127,4388,5,7,1930,1950
128,7590,6,5,1966,1966
129,8973,5,7,1958,1991
130,14200,7,6,1966,1966
131,12224,6,5,2000,2000
132,7388,5,6,1959,2002
133,6853,8,5,2001,2002
134,10335,5,6,1968,1993
135,10400,7,6,1970,1970
136,10355,5,5,1967,1967
137,11070,7,5,1988,1989
138,9066,8,5,1999,2000
139,15426,6,5,1997,1997
140,10500,4,5,1971,1971
141,11645,7,5,2005,2005
142,8520,5,4,1952,1952
143,10335,7,5,1999,1999
144,9100,5,5,1963,1963
145,2522,6,5,2004,2006
146,6120,5,7,1931,1993
147,9505,7,5,2001,2001
148,7500,7,5,2004,2005
149,6240,5,4,1936,1950
150,10356,5,6,1975,1975
151,13891,8,5,2007,2008
152,14803,6,5,1971,1971
153,13500,6,7,1960,1975
154,11340,6,5,1923,1950
155,9600,6,5,1924,1950
156,7200,5,7,1950,1950
157,12003,8,5,2009,2010
158,12552,7,5,2004,2005
159,19378,7,5,2005,2006
160,11120,6,6,1984,1984
161,13688,9,5,2003,2004
162,12182,7,5,2005,2005
163,5500,4,6,1956,1956
164,5400,6,7,1926,2004
165,10106,5,7,1940,1999
166,10708,5,5,1955,1993
167,10562,8,5,2007,2007
168,8244,7,5,2004,2004
169,16669,8,6,1981,1981
170,12358,5,6,1941,1950
171,31770,6,5,1960,1960
172,5306,7,7,1987,1987
173,10197,6,5,1961,1961
174,12416,6,5,1986,1986
175,12615,6,7,1950,2001
176,10029,6,5,1988,1989
177,13650,5,5,1958,1958
178,17423,9,5,2008,2009
179,8520,5,6,1923,2006
180,2117,6,5,2000,2000
181,7588,7,6,1920,1950
182,9060,5,6,1957,2006
183,11426,7,5,2003,2003
184,7438,5,8,1908,1991
185,22950,10,9,1892,1993
186,9947,7,5,1990,1991
187,10410,5,7,1916,1987
188,7018,5,5,1979,1979
189,4923,8,5,2001,2002
190,10570,8,8,1932,1994
191,7472,7,9,1972,2004
192,9017,7,5,1999,1999
193,2522,7,5,2004,2004
194,7180,5,7,1972,1972
195,2280,6,6,1976,1976
196,9416,7,5,2007,2007
197,25419,8,4,1918,1990
198,5520,6,6,1912,1950
199,9591,8,5,2004,2005
200,8546,4,5,2003,2004
201,10125,6,6,1977,1977
202,7000,6,6,1924,1950
203,4438,6,5,2004,2004
204,3500,5,7,1947,1950
205,11851,7,5,1990,1990
206,13673,5,5,1962,1962
207,12493,4,5,1960,1960
208,14364,7,5,1988,1989
209,8250,6,7,1964,1964
210,5604,5,6,1925,1950
211,10420,6,5,2009,2009
212,8640,7,5,2009,2009
213,13568,5,5,1995,1995
214,10900,6,7,1977,1977
215,10011,5,6,1957,1996
216,8450,7,5,2004,2004
217,9906,4,4,1925,1950
218,15660,7,9,1939,2006
219,3010,7,5,2005,2006
220,8990,7,5,2006,2006
221,8068,6,5,2002,2002
222,11475,6,6,1975,1975
223,10500,4,6,1971,1971
224,13472,10,5,2003,2003
225,1680,5,5,1971,1971
226,9950,7,5,1995,1995
227,1869,6,6,1970,1970
228,8521,5,5,1967,1967
229,3182,7,5,2005,2006
230,8760,6,6,1959,1959
231,15138,8,5,1995,1996
232,1680,6,5,1972,1972
233,10650,5,6,1976,1976
234,7851,6,5,2002,2002
235,1680,6,3,1971,1971
236,8773,7,5,2004,2004
237,9453,7,7,1993,2003
238,12030,8,5,2007,2007
239,8741,6,4,1945,1950
240,9000,8,5,2008,2008
241,3880,5,9,1945,1997
242,5000,5,4,1900,1950
243,10762,6,6,1980,1980
244,8880,7,5,1994,2002
245,10400,7,5,1988,1988
246,9142,6,8,1910,1950
247,11310,6,5,1954,1954
248,11317,7,5,2003,2003
249,159000,6,7,1958,2006
250,5350,3,2,1940,1966
251,4750,8,5,2006,2007
252,8366,6,5,2004,2004
253,9350,6,7,1964,1991
254,8400,5,6,1957,1957
255,8738,7,5,1999,1999
256,8791,6,5,2003,2003
257,8814,7,5,2006,2006
258,12435,7,5,2001,2001
259,12702,5,5,1956,1956
260,19296,6,5,1962,1962
261,9588,8,5,2007,2007
262,8471,6,7,1977,1995
263,5500,5,7,1929,2001
264,5232,5,5,1925,2004
265,12090,6,6,1981,1981
266,11207,6,5,1997,1997
267,8400,5,8,1939,1997
268,6900,5,6,1940,1955
269,7917,6,7,1976,1976
270,10728,8,5,2006,2006
271,39104,7,7,1954,2005
272,11764,8,7,1999,2007
273,9600,6,6,1958,1988
274,8314,5,7,1982,1982
275,7264,7,7,1925,2007
276,9196,7,5,2003,2003
277,19138,4,5,1951,1951
278,14450,9,5,2006,2007
279,10005,7,5,1977,1977
280,11287,7,6,1989,1989
281,7200,6,5,2006,2006
282,5063,7,5,2007,2008
283,9612,8,5,2008,2009
284,8012,6,5,1992,1992
285,4251,7,5,2006,2007
286,9786,6,7,1962,1981
287,8125,4,4,1971,1971
288,9819,5,5,1967,1967
289,8730,6,7,1915,2003
290,15611,8,5,2006,2006
291,5687,5,6,1912,2000
292,11409,5,4,1949,2008
293,16659,7,7,1977,1994
294,9600,6,5,1953,1953
295,7937,6,6,1984,1984
296,13710,5,5,1950,1950
297,7399,7,5,1997,1998
298,11700,6,6,1968,1968
299,14000,6,8,1950,2004
300,15750,5,5,1953,1953
301,16226,8,5,1998,1999
302,13704,7,5,2001,2002
303,9800,5,7,1972,1972
304,18386,7,9,1880,2002
305,10386,8,5,2004,2005
306,13474,7,5,1990,1991
307,7920,6,7,1920,1950
308,12342,4,5,1940,1950
309,12378,9,5,2003,2004
310,7685,6,5,1993,1994
311,8000,6,6,1948,2002
312,7800,5,7,1939,1950
313,215245,7,5,1965,1965
314,9600,7,7,1925,1990
315,7795,7,5,2004,2005
316,13005,7,7,1980,1980
317,9000,8,5,2006,2006
318,9900,7,5,1993,1993
319,14115,7,5,1980,1980
320,16259,9,5,2006,2006
321,12099,8,5,2004,2004
322,10380,7,5,1986,1987
323,5820,3,8,1955,2005
324,11275,7,7,1967,2007
325,5000,5,6,1941,1950
326,10846,8,5,1993,1993
327,11600,6,5,1960,1960
328,11888,6,6,1916,1994
329,6402,5,5,1920,1950
330,10624,5,4,1964,1964
331,8176,5,6,1958,1992
332,10655,8,5,2003,2004
333,8198,7,5,2004,2004
334,9042,6,5,1998,1998
335,164660,5,6,1965,1965
336,14157,9,5,2005,2006
337,9135,7,5,2002,2003
338,14145,7,7,1984,1998
339,12400,6,7,1958,1998
340,14191,8,5,2002,2002
341,8400,4,4,1950,1950
342,8544,3,4,1949,1950
343,8849,9,5,2005,2005
344,2592,5,3,1976,1976
345,6435,6,5,1939,1950
346,12772,6,8,1960,1998
347,17600,6,5,1960,1960
348,2448,7,5,2003,2004
349,20431,9,5,2005,2006
350,7820,9,5,2007,2007
351,5271,7,5,1986,1986
352,9084,5,6,1941,1950
353,8520,6,8,1928,2003
354,8400,6,5,1940,2000
355,11249,6,5,1995,1995
356,9248,6,6,1992,1992
357,4224,5,5,1976,1976
358,6930,5,4,1958,1958
359,12011,8,5,1998,1998
360,7540,6,6,1978,1978
361,9144,5,5,1940,1982
362,7301,7,5,2003,2003
363,1680,6,8,1972,2007
364,18800,6,5,1976,1976
365,10690,5,7,1920,1997
366,9500,6,5,1963,1963
367,9150,6,5,1962,1962
368,7800,5,6,1954,1954
369,9830,5,7,1959,2006
370,8121,6,5,2000,2000
371,17120,4,4,1959,1959
372,7175,6,5,1984,1984
373,10634,5,6,1953,1953
374,8200,7,5,2003,2004
375,10020,1,1,1922,1950
376,8846,5,5,1996,1996
377,11143,8,5,2004,2005
378,11394,9,2,2010,2010
379,8123,6,5,2000,2000
380,5000,5,6,1924,1950
381,7200,7,5,2006,2006
382,9245,7,5,2006,2006
383,9000,6,3,1928,1950
384,53107,6,5,1992,1992
385,3182,8,5,2004,2005
386,8410,5,3,1910,1996
387,7200,6,6,1976,1976
388,9382,7,5,1999,2000
389,12474,10,5,2007,2008
390,8405,5,8,1900,1950
391,12209,6,5,2001,2002
392,8339,5,7,1959,1959
393,7446,4,5,1941,1950
394,10134,5,6,1940,1950
395,9571,5,6,1956,1956
396,7200,5,5,1972,1972
397,7590,5,5,1962,1962
398,8967,5,2,1920,1950
399,8125,7,5,2006,2007
400,14963,8,5,1996,1996
401,8767,7,5,2005,2005
402,10200,5,8,1940,1997
403,12090,8,5,1998,1998
404,10364,6,5,1995,1996
405,9991,4,4,1976,1993
406,10480,6,5,1936,1950
407,15576,6,7,1915,1976
408,14154,7,5,2006,2006
409,10800,8,5,2007,2008
410,9571,5,3,1958,1958
411,34650,5,5,1955,1955
412,4403,7,5,2009,2009
413,8960,5,6,1927,1950
414,11228,7,5,1993,1993
415,8899,7,5,2007,2007
416,7844,6,7,1978,1978
417,22420,6,6,1918,1950
418,8160,5,6,1940,1950
419,8450,5,6,1968,1968
420,7060,7,5,1997,1998
421,16635,6,7,1977,2000
422,21750,5,5,1954,1954
423,9200,8,5,1998,1998
424,9000,6,5,1956,1956
425,3378,7,8,1946,1992
426,12800,7,5,1989,1989
427,8593,4,6,1957,1957
428,6762,7,5,2007,2007
429,11457,6,5,1988,1988
430,1680,6,5,1971,1971
431,5586,6,7,1920,1998
432,1920,5,5,1971,1971
433,10839,6,5,1997,1998
434,1890,4,7,1972,1972
435,10667,7,6,1996,1996
436,4400,6,8,1920,1950
437,6000,6,7,1926,2004
438,4280,5,6,1913,2002
439,12354,6,8,1920,2000
440,15431,10,5,2008,2008
441,12108,4,4,1955,1955
442,6240,5,7,1930,1992
443,3922,7,5,2006,2007
444,8750,7,5,1994,1995
445,9855,6,5,1956,1956
446,16492,6,6,1966,2002
447,11214,7,5,1998,1999
448,8600,6,6,1937,1950
449,6000,3,7,1948,2002
450,5684,6,8,1930,2005
451,70761,7,5,1975,1975
452,9303,6,5,1996,1997
453,9000,8,5,2008,2008
454,9297,5,5,1976,1976
455,9600,7,6,1973,1973
456,4571,5,5,1916,1950
457,53227,4,6,1954,1994
458,5100,8,7,1925,1996
459,7015,5,4,1950,1950
460,8004,8,5,2009,2009
461,7200,7,9,1936,2007
462,8281,5,5,1965,1965
463,11988,6,7,1934,1995
464,8430,5,5,1978,1978
465,3072,7,5,2004,2004
466,10628,7,5,1970,1970
467,9480,5,7,1942,1995
468,11428,8,5,2006,2006
469,9291,6,5,1993,1993
470,6820,8,5,1985,1985
471,11952,7,6,1977,1977
472,3675,6,5,2005,2005
473,14977,8,5,2006,2007
474,5330,8,5,2000,2000
475,8480,5,6,1963,1963
476,13125,6,5,1997,1998
477,13693,9,5,2006,2006
478,10637,8,5,2007,2008
479,5925,4,7,1937,2000
480,16033,9,5,2004,2005
481,11846,9,5,2003,2004
482,2500,7,8,1915,2005
483,4500,6,5,1998,1998
484,7758,5,7,1962,2001
485,9600,5,7,1950,2007
486,10289,5,7,1965,1965
487,12243,5,6,1971,1971
488,10800,5,4,1900,1970
489,1526,4,8,1970,2002
490,2665,5,6,1976,1976
491,9490,6,7,1941,1950
492,15578,6,5,2006,2006
493,7931,5,6,1960,1960
494,5784,5,8,1938,1996
495,7879,4,5,1920,1950
496,12692,8,5,1992,1993
497,9120,7,6,1925,1950
498,7800,5,7,1967,2004
499,7535,5,7,1958,1985
500,1890,6,5,1973,1973
501,9803,7,5,2005,2005
502,9170,5,7,1965,1965
503,15602,7,8,1959,1997
504,2308,6,5,1974,1974
505,7596,5,5,1952,1952
506,9554,8,5,1993,1994
507,7862,6,5,2009,2009
508,9600,7,9,1928,2005
509,9600,5,6,1959,1959
510,14559,5,7,1951,2000
511,6792,7,5,2005,2006
512,9100,5,5,1958,1958
513,9187,6,5,1983,1983
514,10594,5,5,1926,1950
515,12220,10,5,2009,2009
516,10448,6,6,1972,1972
517,10208,7,5,1996,1997
518,9531,6,5,1998,1998
519,10918,7,9,1926,2004
520,10800,4,7,1900,2000
521,11988,6,6,1957,1957
522,5000,6,7,1947,1950
523,40094,10,5,2007,2008
524,11787,7,5,1996,1997
525,7500,7,5,2005,2005
526,13300,5,7,1956,2000
527,14948,9,5,2008,2008
528,9098,4,7,1920,2002
529,32668,6,3,1957,1975
530,10200,6,5,1988,1989
531,6155,6,8,1920,1999
532,7200,5,7,1955,2007
533,5000,1,3,1946,1950
534,9056,8,5,2004,2004
535,7000,5,7,1910,1991
536,8924,7,5,1998,1999
537,12735,4,5,1972,1972
538,11553,5,5,1968,1968
539,11423,8,5,2001,2002
540,14601,9,5,2006,2006
541,11000,8,5,2000,2000
542,10140,7,5,1998,1999
543,4058,7,5,1998,1998
544,17104,7,5,2006,2006
545,13837,7,5,1988,1988
546,8737,6,7,1923,1950
547,7244,5,7,1970,1970
548,8235,5,7,1955,1995
549,9375,7,5,2003,2004
550,4043,6,6,1977,1977
551,6000,5,6,1957,1957
552,11146,8,5,2006,2006
553,8777,4,5,1949,2003
554,10625,7,5,2003,2004
555,6380,5,6,1922,1950
556,14850,5,5,1957,1957
557,11040,4,6,1920,1950
558,21872,7,5,1996,1997
559,3196,7,5,2003,2004
560,11341,5,6,1957,1996
561,10010,5,5,1974,1975
562,13907,5,6,1940,1969
563,21780,6,7,1918,1950
564,13346,7,5,1992,2000
565,6858,6,4,1915,1950
566,11198,9,5,2005,2007
567,10171,7,5,2004,2004
568,12327,8,8,1983,2009
569,7032,5,5,1979,1979
570,13101,5,5,1965,1965
571,7332,6,6,1959,1959
572,13159,7,5,2009,2009
573,9967,7,5,2000,2000
574,10500,5,7,1971,2005
575,8480,5,5,1947,1950
576,6292,7,7,1928,1950
577,11777,5,6,1966,1966
578,3604,7,5,2007,2007
579,12150,5,5,1954,1954
580,14585,6,6,1960,1987
581,12704,8,5,2008,2009
582,11841,6,5,1990,1990
583,13500,10,9,1893,2000
584,6120,4,7,1935,1995
585,11443,8,5,2005,2006
586,10267,6,7,1918,2000
587,8740,5,6,1982,1982
588,25095,5,8,1968,2003
589,9100,5,6,1930,1960
590,8320,7,5,2004,2004
591,13478,10,5,2008,2008
592,6600,5,8,1982,2003
593,4435,6,5,2003,2003
594,7990,5,6,1975,1975
595,11302,8,5,2005,2006
596,3600,6,7,1910,1993
597,3922,7,5,2006,2007
598,12984,5,6,1977,1977
599,1950,6,6,1980,1980
600,10927,8,5,2005,2005
601,9000,6,6,1937,1950
602,10041,8,5,1992,1992
603,3182,7,5,2004,2005
604,12803,7,5,2002,2002
605,13600,7,6,1965,1990
606,12464,5,5,1996,1996
607,7800,5,8,1948,2002
608,12168,8,6,1934,1998
609,7943,4,5,1961,1961
610,11050,9,5,2000,2000
611,10395,6,6,1978,1978
612,11885,8,5,2001,2001
613,8402,5,5,2007,2007
614,1491,4,6,1972,1972
615,8800,6,7,1963,1963
616,7861,6,5,2002,2003
617,7227,6,6,1954,1954
618,11694,9,5,2007,2007
619,12244,8,5,2003,2003
620,8248,3,3,1914,1950
621,10800,6,7,1974,1997
622,7064,5,6,1977,1977
623,2117,6,5,2000,2000
624,10400,6,5,1972,1972
625,10000,6,6,1962,1962
626,12342,5,5,1960,1978
627,9600,6,6,1955,1972
628,11606,5,5,1969,1969
629,9020,6,5,1964,1964
630,9000,5,6,1880,1991
631,4590,8,5,2006,2006
632,11900,7,5,1977,1977
633,9250,5,7,1954,2005
634,6979,6,5,1980,1980
635,10896,6,7,1914,1995
636,6120,2,3,1936,1950
637,6000,5,4,1954,1954
638,8777,5,7,1910,1950
639,3982,8,5,2006,2006
640,12677,8,5,2003,2004
641,7050,7,5,2001,2001
642,13860,8,7,1972,1995
643,10793,5,5,1969,1969
644,9187,9,5,2009,2009
645,10530,6,5,1971,1971
646,7200,5,5,1950,1950
647,10452,6,5,1953,1953
648,7700,6,5,1966,1966
649,1936,4,6,1970,1970
650,8125,7,6,2007,2007
651,9084,4,5,1940,1950
652,8750,7,5,1996,1996
653,10320,6,7,1906,1995
654,10437,8,6,1995,1995
655,1680,6,5,1971,1971
656,10007,5,7,1959,2006
657,7200,7,6,1931,2000
658,17503,6,5,1948,1950
659,9937,5,7,1964,1999
660,12384,7,7,1976,1976
661,46589,8,7,1994,2005
662,13560,6,3,1968,1968
663,10012,4,5,1972,1972
664,20896,8,5,2005,2006
665,11194,8,5,2000,2000
666,18450,6,5,1965,1979
667,8125,6,5,1994,1998
668,14175,5,6,1956,1987
669,11600,4,5,1922,1950
670,8633,6,5,2005,2005
671,6629,6,6,1925,1950
672,11250,6,6,1977,1977
673,14442,6,7,1957,2004
674,9200,6,6,1965,1965
675,2289,6,6,1978,1978
676,9600,4,2,1900,1950
677,9022,5,8,1924,2006
678,11844,8,5,2008,2008
679,9945,5,5,1961,1961
680,8012,6,5,1980,1980
681,4500,5,5,1932,2000
682,2887,6,5,1996,1997
683,11248,9,5,2002,2002
684,16770,7,5,1998,1998
685,5062,7,5,1984,1984
686,10207,7,6,2007,2007
687,5105,7,5,2004,2004
688,8089,8,6,2007,2007
689,7577,6,5,2005,2006
690,4426,6,5,2004,2004
691,21535,10,6,1994,1995
692,26178,7,5,1989,1990
693,5400,5,6,1921,1968
694,6120,5,6,1936,1950
695,13811,6,6,1987,1987
696,6000,5,7,1921,1950
697,6420,5,7,1952,1952
698,8450,5,8,1965,2009
699,4282,7,5,2004,2004
700,14331,8,5,2002,2002
701,9600,7,5,1969,1969
702,12438,8,5,2006,2006
703,7630,5,9,1900,1996
704,8400,7,5,2004,2005
705,5600,4,5,1930,1950
706,115149,7,5,1971,2002
707,6240,8,5,2006,2006
708,9018,7,5,2007,2007
709,7162,5,7,1966,1966
710,4130,3,6,1935,2003
711,8712,4,7,1900,1950
712,4671,8,5,1988,1989
713,9873,4,5,1970,1970
714,13517,6,8,1976,2005
715,10140,6,5,1974,1974
716,10800,7,8,1890,1998
717,10000,5,6,1973,2000
718,10542,7,5,1993,1994
719,9920,5,6,1969,1969
720,6563,8,5,1985,1985
721,4426,6,5,2004,2004
722,8120,4,7,1970,1970
723,8172,4,6,1954,1972
724,13286,9,5,2007,2008
725,6960,4,6,1970,1970
726,21695,6,9,1988,2007
727,7314,7,5,2007,2007
728,11475,5,5,1958,1958
729,6240,4,5,1925,1950
730,5389,8,5,1995,1996
731,9590,7,5,2003,2003
732,11404,7,5,1998,1999
733,10000,5,6,1961,1983
734,8978,5,5,1968,1968
735,10800,7,7,1914,1970
736,8544,3,4,1950,1950
737,10463,8,5,2005,2005
738,10800,5,5,1987,1988
739,9313,7,5,2004,2004
740,9600,5,7,1910,2002
741,6768,6,8,1961,1996
742,8450,7,5,2000,2001
743,12886,5,6,1963,1999
744,5395,8,5,1993,1993
745,8963,8,9,1976,1996
746,8795,7,5,2000,2000
747,11700,7,7,1880,2003
748,10593,7,5,1996,1996
749,8405,4,3,1945,1950
750,8800,4,7,1910,2004
751,7750,7,5,2003,2003
752,9236,6,5,1997,1997
753,10240,8,5,2005,2005
754,7930,6,8,1969,2005
755,3230,6,5,1999,1999
756,10769,8,5,2007,2007
757,11616,6,5,1978,1978
758,2280,7,5,1999,1999
759,12257,8,5,1995,1995
760,9100,6,6,1959,1959
761,6911,5,5,1924,1950
762,8640,7,5,2009,2009
763,9430,8,5,1999,1999
764,9549,8,5,1995,1996
765,14587,9,5,2008,2008
766,10421,7,5,1988,1988
767,12508,6,7,1940,1985
768,9100,7,5,2004,2005
769,53504,8,5,2003,2003
770,7252,5,5,1982,1982
771,8877,4,5,1951,1951
772,7819,6,5,1976,1976
773,10150,5,5,1958,1958
774,14226,8,5,2006,2006
775,4500,6,5,1998,1998
776,11210,7,5,2005,2006
777,13350,5,5,1974,1974
778,8400,5,5,1977,1977
779,10530,6,5,1977,1977
780,7875,7,5,1995,1996
781,7153,6,5,1992,1992
782,16285,7,5,2001,2002
783,9101,5,6,1978,1978
784,6300,6,6,1914,2001
785,9790,6,5,1967,1967
786,10800,5,6,1915,1950
787,10142,7,5,2004,2004
788,6000,4,7,1954,2000
789,12205,6,8,1966,2007
790,3182,7,5,2005,2006
791,11333,6,5,1976,1976
792,9920,7,5,1996,1997
793,9158,8,5,2007,2007
794,10832,7,5,1994,1996
795,8400,6,6,1980,1981
796,8197,6,5,1977,1977
797,7677,5,5,1953,1953
798,13518,9,5,2008,2009
799,7200,5,7,1937,1950
800,12798,6,5,1997,1997
801,4800,4,7,1916,1990
802,8199,7,5,2005,2005
803,13891,9,5,2008,2009
804,9000,5,5,1954,1954
805,12274,7,5,2008,2008
806,9750,5,5,1967,1967
807,21384,5,6,1923,2004
808,13400,5,5,1966,1966
809,8100,5,5,1898,1965
810,10140,6,6,1974,1999
811,4438,6,5,2004,2004
812,8712,5,5,1952,1952
813,9750,6,6,1958,1958
814,8248,5,7,1918,1950
815,12137,7,5,1998,1998
816,11425,5,6,1954,1954
817,13265,8,5,2002,2002
818,8816,6,7,1971,1971
819,6371,7,5,2009,2010
820,7226,7,5,2003,2003
821,6000,4,4,1953,1953
822,12394,7,5,2003,2003
823,9900,6,7,1940,1950
824,11216,8,5,2006,2006
825,14803,10,5,2007,2008
826,6130,5,6,1924,1950
827,8529,7,5,2001,2001
828,28698,5,5,1967,1967
829,2544,7,5,2005,2005
830,11900,6,5,1957,1957
831,3180,7,5,2005,2005
832,9548,7,6,2003,2003
833,10004,6,6,1964,1964
834,7875,5,6,1961,1961
835,9600,4,7,1950,1995
836,8100,5,6,1948,1973
837,1680,6,5,1973,1973
838,9525,5,6,1995,2006
839,11767,5,6,1946,1995
840,12155,6,8,1925,1950
841,10440,5,8,1904,2002
842,9020,6,7,1966,1966
843,8000,5,4,1961,1961
844,12665,5,8,1915,1950
845,16647,5,5,1975,1981
846,9317,7,5,1993,1993
847,15523,5,6,1972,1972
848,45600,6,8,1908,1997
849,9600,6,7,1976,1994
850,4435,6,5,2003,2003
851,3196,8,5,2003,2003
852,7128,7,5,1941,1950
853,12095,6,6,1964,1964
854,17920,5,4,1955,1974
855,6897,5,8,1962,2010
856,10970,6,6,1978,1978
857,8125,6,5,1994,1995
858,10400,7,5,1976,1976
859,11029,6,7,1968,1984
860,7642,7,8,1918,1998
861,11625,5,4,1965,1965
862,9672,6,5,1984,1985
863,7931,5,5,1959,1959
864,8640,7,5,2007,2008
865,8750,5,6,1970,1970
866,10656,8,5,2006,2007
867,6970,4,5,1961,1961
868,14762,5,6,1948,1950
869,9938,7,5,1993,1994
870,6600,5,5,1962,1962
871,8750,6,5,1998,1998
872,8892,5,7,1953,1996
873,12144,5,7,1949,1950
874,5720,5,6,1941,1950
875,9000,8,5,2007,2007
876,25286,4,5,1963,1963
877,8834,9,5,2004,2005
878,11782,5,7,1961,1995
879,7000,5,8,1978,2005
880,7024,5,5,2005,2006
881,13758,7,5,1990,1991
882,9636,6,5,1992,1993
883,6204,4,5,1912,1950
884,7150,5,5,1967,1967
885,5119,9,5,1999,2000
886,8393,5,5,1959,2005
887,16466,5,7,1955,1955
888,15865,8,6,1970,1970
889,12160,6,4,1953,1953
890,8064,5,7,1949,2006
891,11184,6,5,1978,1978
892,8414,6,8,1963,2003
893,13284,5,5,1954,1954
894,7018,5,5,1979,1979
895,7056,6,5,1963,1963
896,8765,4,6,1936,1950
897,7018,5,5,1979,1979
898,12919,9,5,2009,2010
899,6993,5,7,1961,1994
900,7340,4,6,1971,1971
901,8712,5,7,1957,2000
902,7875,7,5,2003,2003
903,14859,7,5,2006,2006
904,6173,5,6,1967,1967
905,9920,5,5,1954,1954
906,13501,8,5,2006,2006
907,11500,7,7,1936,1987
908,8885,5,5,1983,1983
909,12589,6,5,2005,2005
910,11600,5,5,1960,1960
911,9286,5,7,1977,1989
912,6120,5,7,1925,1950
913,6270,5,6,1949,1950
914,3000,6,5,2009,2009
915,2001,4,5,1970,1970
916,9000,2,3,1949,1950
917,17140,4,6,1956,1956
918,13125,7,5,1991,1991
919,11029,6,8,1958,2002
920,8462,6,5,1994,1994
921,8777,5,7,1900,2003
922,10237,6,5,2005,2006
923,8012,6,5,1993,1994
924,10240,6,6,1980,1980
925,15611,5,6,1977,1977
926,11999,8,5,2003,2004
927,9900,7,5,1968,1968
928,11838,8,5,2001,2001
929,13006,7,5,1997,1997
930,8925,8,5,2007,2007
931,9100,5,6,1965,1965
932,11670,9,5,2006,2006
933,8487,7,5,2004,2004
934,27650,7,7,1960,2007
935,5825,4,5,1926,1953
936,10083,7,5,2003,2003
937,9675,7,5,2005,2005
938,8760,7,5,2006,2006
939,24090,7,7,1940,1950
940,12640,6,5,1976,1976
941,8755,7,5,1999,1999
942,7711,4,3,1977,1977
943,25000,5,4,1967,1967
944,14375,6,6,1958,1958
945,8820,5,6,1890,1996
946,8163,5,6,1959,1959
947,14536,8,5,2002,2003
948,14006,7,5,2002,2002
949,9360,6,7,1972,2006
950,7200,5,8,1950,2002
951,7800,5,5,1965,1965
952,7200,5,8,1972,2003
953,11075,5,4,1969,1969
954,9400,6,5,1975,1975
955,7136,6,6,1946,1950
956,1300,6,6,1980,1980
957,7420,5,5,1962,1962
958,8450,7,5,2003,2003
959,2572,7,5,1999,1999
960,7207,5,7,1958,2008
961,12227,6,7,1977,1995
962,2308,6,6,1976,1976
963,11923,9,5,2007,2007
964,11316,7,5,2002,2003
965,10237,6,5,2005,2007
966,9600,5,7,1940,1950
967,7390,5,7,1955,1955
968,5925,3,6,1910,1950
969,10382,6,5,1958,1958
970,10800,4,4,1949,1950
971,2268,7,5,2003,2004
972,7892,6,5,1979,1979
973,11639,7,5,2007,2008
974,11414,7,8,1910,1993
975,2651,7,5,2000,2000
976,5900,4,7,1923,1958
977,4274,7,5,2006,2007
978,9450,4,5,1954,1954
979,8816,5,6,1963,1963
980,12122,7,9,1961,2007
981,12203,8,5,1998,1999
982,3182,7,5,2007,2007
983,11250,8,5,2002,2002
984,10125,5,5,1977,1977
985,10880,5,5,1950,1950
986,5310,6,8,1910,2003
987,10159,9,5,2009,2010
988,12046,6,6,1976,1976
989,8125,7,5,2006,2006
990,9452,8,5,1997,1998
991,17671,8,9,1882,1986
992,9760,6,8,1964,1993
993,8846,6,5,2005,2006
994,12456,10,5,2006,2007
995,4712,4,7,1946,1950
996,10659,5,6,1961,1961
997,11717,6,6,1970,1970
998,9786,3,4,1922,1950
999,6762,7,5,2006,2006
1000,10206,3,3,1952,1952
1001,5400,5,6,1920,1950
1002,11957,8,5,2006,2006
1003,11500,5,6,1976,1976
1004,3182,7,5,2005,2006
1005,8385,5,8,1977,1977
1006,12155,6,3,1970,1970
1007,2217,4,4,1970,1970
1008,12118,7,5,2004,2005
1009,6000,5,5,1926,1950
1010,21286,5,5,1948,1950
1011,9825,5,5,1965,1965
1012,10592,6,7,1923,1996
1013,7200,5,4,1910,2006
1014,11664,6,5,1948,1950
1015,8400,8,6,2001,2001
1016,11883,7,5,1996,1996
1017,5814,8,5,1984,1984
1018,10784,7,5,1991,1992
1019,3013,7,5,2005,2005
1020,7024,4,5,2005,2005
1021,7406,7,5,2006,2006
1022,9439,5,5,1930,1950
1023,3182,7,5,2005,2006
1024,15498,8,6,1976,1976
1025,7700,5,5,1972,1972
1026,9300,5,5,1960,1960
1027,9520,8,5,2007,2008
1028,9492,5,5,1941,1950
1029,1680,6,7,1972,1972
1030,7082,5,8,1916,1995
1031,15863,7,3,1920,1970
1032,14541,8,7,1993,1993
1033,8125,7,5,2002,2002
1034,6305,5,7,1938,1950
1035,11500,4,3,1957,1957
1036,12898,9,5,2007,2008
1037,9240,8,5,2001,2002
1038,1533,4,6,1970,2008
1039,1477,4,4,1970,1970
1040,13125,5,4,1957,2000
1041,9130,6,8,1966,2000
1042,5381,6,5,2005,2005
1043,11839,7,5,1990,1990
1044,9600,8,5,1981,1981
1045,13680,3,5,1955,1955
1046,16056,9,5,2005,2006
1047,9245,5,5,1994,1995
1048,21750,5,4,1960,2006
1049,11100,4,7,1946,2006
1050,8993,7,5,2007,2007
1051,11175,7,5,2007,2007
1052,9500,6,6,1964,1978
1053,8562,5,6,1957,2002
1054,11367,8,5,2002,2002
1055,11361,6,5,1976,1976
1056,7052,7,5,2005,2005
1057,29959,7,6,1994,1994
1058,11308,9,5,2008,2008
1059,11275,6,7,1932,1950
1060,4920,8,5,2001,2001
1061,18000,3,4,1935,1950
1062,13600,5,5,1900,1950
1063,6000,6,6,1925,1980
1064,11000,5,6,1966,1966
1065,14000,7,5,1996,1997
1066,7837,6,7,1993,1994
1067,9760,6,6,1964,1964
1068,3964,6,4,1973,1973
1069,9600,5,7,1949,2003
1070,10152,5,5,1956,1956
1071,11700,6,6,1968,1968
1072,7585,5,3,1948,1950
1073,7950,6,6,1977,1977
1074,8556,7,5,2006,2006
1075,13125,7,6,1940,1984
1076,10800,5,8,1936,1989
1077,15870,5,5,1969,1969
1078,4435,6,5,2004,2004
1079,8775,5,5,1994,1994
1080,11040,6,7,1971,2004
1081,7500,5,5,1963,1963
1082,8749,7,5,2002,2002
1083,8800,6,6,1964,1964
1084,13031,6,5,1995,1996
1085,9069,6,6,1992,1992
1086,1974,4,5,1973,1973
1087,10574,8,5,2005,2006
1088,2522,7,5,2004,2004
1089,3316,8,5,2005,2005
1090,8544,3,4,1950,1950
1091,2160,7,5,1999,2000
1092,8400,6,5,1925,1950
1093,9230,5,8,1965,1998
1094,5868,5,7,1956,2000
1095,9317,6,5,2006,2006
1096,6882,6,7,1914,2006
1097,3696,8,5,1986,1986
1098,6000,4,6,1936,1950
1099,11880,7,5,1978,1978
1100,8400,2,5,1920,1950
1101,9758,5,5,1971,1971
1102,7000,5,7,1960,2002
1103,8910,6,6,1959,1959
1104,2016,5,5,1970,1970
1105,12256,8,5,1994,1995
1106,10357,7,5,1990,1991
1107,23257,7,5,2006,2006
1108,8063,6,5,2000,2000
1109,11362,8,5,2004,2005
1110,8000,6,5,1995,1996
1111,10480,7,6,1976,1976
1112,7100,5,7,1957,1957
1113,8923,5,7,1953,2006
1114,5400,5,7,1954,2000
1115,12085,8,5,2007,2007
1116,7750,8,5,2002,2002
1117,9764,5,7,1967,2003
1118,13825,5,6,1958,1987
1119,7560,5,5,1959,1959
1120,8263,6,5,1920,1950
1121,10084,7,5,2005,2006
1122,8926,4,3,1956,1956
1123,9405,5,9,1947,2008
1124,9125,7,5,1992,1992
1125,10434,4,5,1955,1955
1126,3684,7,5,2007,2007
1127,14572,7,5,2004,2004
1128,11796,7,5,2004,2005
1129,7200,5,5,1980,1980
1130,7804,4,3,1928,1950
1131,10712,5,5,1991,1992
1132,9900,6,4,1880,1950
1133,9828,8,5,1995,1995
1134,8773,6,5,1997,1997
1135,6180,6,5,1926,1950
1136,9600,6,5,1950,1950
1137,6342,5,8,1875,1996
1138,9819,6,5,1977,1977
1139,8731,5,5,1920,1950
1140,7350,5,7,1951,1951
1141,10304,5,7,1976,1976
1142,9965,8,5,2006,2007
1143,9000,5,3,1959,1959
1144,12180,4,4,1941,1950
1145,6240,5,6,1928,1950
1146,11200,6,5,1985,1985
1147,12000,7,7,1941,1950
1148,5700,7,7,1926,1950
1149,9000,7,9,1920,1988
1150,8280,6,5,1950,1950
1151,17755,5,4,1959,1959
1152,14115,6,7,1956,2004
1153,5890,6,8,1930,2007
1154,13700,7,6,1965,1988
1155,10768,5,8,1976,2004
1156,9350,5,8,1965,1999
1157,5001,7,5,2007,2008
1158,11932,8,5,2007,2008
1159,9120,6,6,1974,1974
1160,2280,6,5,1978,1978
1161,14778,6,7,1954,2006
1162,8724,5,5,1968,1968
1163,12900,4,4,1969,1969
1164,16157,5,7,1978,1978
1165,9541,7,5,2009,2009
1166,10475,8,5,2008,2008
1167,10852,6,5,2000,2000
1168,13728,6,7,1935,1986
1169,35760,10,5,1995,1996
1170,9880,6,6,1977,1977
1171,9120,6,6,1958,1958
1172,4017,7,5,2006,2007
1173,18030,5,6,1946,1994
1174,16560,6,8,1932,1950
1175,10678,8,5,1992,2000
1176,6951,5,5,1984,1985
1177,3950,6,8,1926,2004
1178,7681,5,6,1921,1950
1179,8335,5,5,1954,1954
1180,11170,7,5,1990,1991
1181,5587,8,5,2008,2008
1182,15623,10,5,1996,1996
1183,10800,5,6,1920,1950
1184,35133,5,4,1963,1963
1185,9738,5,7,1924,1950
1186,10615,3,5,1900,1970
1187,12461,8,5,1994,1995
1188,8935,7,5,2002,2002
1189,7500,7,5,1999,1999
1190,32463,4,4,1961,1975
1191,2645,8,5,1999,2000
1192,9600,5,8,1925,1994
1193,4500,6,5,1999,1999
1194,9364,6,7,1969,1969
1195,8029,6,5,2005,2005
1196,14054,7,5,2006,2006
1197,8850,7,6,1916,1950
1198,9100,7,5,2001,2001
1199,11235,4,5,1963,1979
1200,9353,4,5,1970,1970
1201,10400,7,5,1998,1998
1202,6000,5,8,1925,1997
1203,9750,7,5,2000,2001
1204,10140,5,6,1975,1975
1205,14684,7,7,1990,1991
1206,8900,4,4,1966,1966
1207,9135,6,5,2003,2003
1208,7763,5,7,1962,1980
1209,10182,8,5,2006,2006
1210,11218,6,5,1992,1992
1211,12134,8,7,1988,2005
1212,9340,4,6,1941,1950
1213,10246,4,9,1965,2001
1214,10205,5,5,1962,1962
1215,7094,5,5,1966,1966
1216,8930,6,5,1978,1978
1217,8640,8,5,2009,2009
1218,6240,4,5,1947,1950
1219,1680,6,5,1971,1971
1220,7800,5,5,1964,1964
1221,8250,5,5,1968,1968
1222,10496,6,6,1949,1950
1223,10680,5,3,1951,1951
1224,15384,7,5,2004,2005
1225,10482,6,8,1958,1958
1226,14598,6,5,2007,2007
1227,8872,5,8,1965,2008
1228,8769,9,5,2008,2008
1229,7910,5,5,1960,1960
1230,18890,5,5,1977,1977
1231,7728,5,6,1962,1962
1232,9842,4,5,1962,1962
1233,12160,5,5,1959,1959
1234,8525,5,6,1911,1950
1235,13132,5,5,1914,1950
1236,2628,7,5,2003,2003
1237,12393,7,5,2004,2005
1238,13072,6,5,2005,2005
1239,9037,8,5,2006,2006
1240,8158,7,5,2003,2003
1241,9849,7,6,2007,2007
1242,10625,7,6,1974,1974
1243,13891,10,5,2006,2006
1244,11435,8,7,1929,1950
1245,12090,6,7,1984,2003
1246,8125,7,5,2005,2006
1247,12328,6,5,1976,1976
1248,9600,6,5,1917,1950
1249,7200,5,7,1950,1950
1250,11160,7,5,1968,1968
1251,3136,7,5,2003,2003
1252,9858,5,6,1968,1968
1253,17542,7,7,1974,2003
1254,6931,7,5,2003,2004
1255,6240,6,6,1931,1950
1256,14303,8,5,1994,1994
1257,4060,5,8,1922,1950
1258,9587,7,5,2005,2005
1259,9750,6,8,1969,1969
1260,24682,6,5,1999,1999
1261,9600,5,6,1956,1956
1262,11250,4,5,1957,1989
1263,13515,6,6,1919,1950
1264,4060,6,5,1998,1999
1265,3735,7,5,1999,1999
1266,10120,7,4,1910,1950
1267,13214,9,5,2008,2009
1268,14100,8,9,1935,1997
1269,11344,5,5,1958,1958
1270,23595,7,6,1979,1979
1271,9156,6,7,1968,1968
1272,13526,5,6,1965,1965
1273,11512,6,7,1959,2006
1274,5362,5,6,1910,2003
1275,11345,5,5,1948,1950
1276,12936,6,6,1972,1972
1277,17871,6,5,1967,1976
1278,9473,8,5,2002,2002
1279,7500,4,4,1920,1950
1280,9808,7,5,2002,2002
1281,8049,7,5,1990,1990
1282,8800,5,7,1977,2008
1283,9400,6,5,1971,1971
1284,9638,6,7,1919,1990
1285,6000,6,6,1939,1950
1286,9790,6,5,1963,1963
1287,36500,5,5,1964,1964
1288,5664,8,5,2000,2000
1289,11065,8,5,2006,2006
1290,14112,5,7,1964,1964
1291,1680,5,7,1972,1972
1292,6600,5,4,1892,1965
1293,10140,7,5,1976,1976
1294,8172,5,7,1955,1990
1295,8400,5,5,1968,1968
1296,8700,5,6,1963,1963
1297,3675,6,5,2005,2006
1298,63887,10,5,2008,2008
1299,7500,5,7,1959,1994
1300,10762,7,5,1999,1999
1301,7500,6,7,1942,1950
1302,10120,8,5,1994,1994
1303,8688,7,5,2005,2005
1304,3363,7,5,2004,2004
1305,13173,9,5,2006,2007
1306,6955,7,5,2005,2006
1307,8072,5,5,1994,1995
1308,12000,5,7,1948,2005
1309,7153,6,5,1991,1991
1310,17500,7,8,1959,2002
1311,8814,7,5,2005,2007
1312,9572,8,5,1990,1990
1313,14774,9,5,1999,1999
1314,8190,4,6,1954,1954
1315,11075,6,5,1969,1969
1316,10226,8,5,2008,2008
1317,4230,7,5,2006,2007
1318,14781,8,5,2001,2002
1319,10215,4,5,1954,1954
1320,8400,6,3,1957,1957
1321,6627,3,6,1949,1950
1322,10186,7,5,1992,1992
1323,5330,4,7,1940,1950
1324,9986,8,5,2006,2007
1325,3636,4,4,1922,1950
1326,4270,3,6,1931,2006
1327,6600,5,9,1982,2008
1328,10440,6,7,1920,1950
1329,9084,7,5,1998,1998
1330,10000,8,5,2006,2006
1331,10780,5,5,1976,1976
1332,8877,4,6,1938,1958
1333,7200,5,6,1938,1995
1334,2368,5,6,1970,1970
1335,9650,6,5,1977,1977
1336,9246,5,5,1973,1973
1337,4118,4,4,1941,1950
1338,13450,7,5,2002,2002
1339,9560,5,7,1972,1972
1340,8294,4,5,1971,1971
1341,13695,6,5,2003,2004
1342,9375,8,5,2002,2002
1343,7558,6,6,1928,1950
1344,11103,7,5,2006,2006
1345,6000,4,4,1920,1950
1346,20781,7,7,1968,2003
1347,15306,8,5,2006,2007
1348,16196,7,5,1998,1998
1349,5250,8,5,1872,1987
1350,11643,5,5,1969,1969
1351,9247,6,6,1962,1962
1352,6000,6,9,1937,2000
1353,14720,8,5,1995,1996
1354,10316,7,5,2000,2000
1355,10192,7,6,1968,1992
1356,9477,5,5,1966,1966
1357,12537,5,6,1971,2008
1358,2117,6,5,2000,2000
1359,16737,9,5,2004,2005
1360,9842,5,6,1921,1998
1361,16158,7,5,2005,2005
1362,12513,4,4,1920,2007
1363,8499,6,5,2006,2007
1364,3180,7,5,2005,2005
1365,7500,7,5,2000,2000
1366,9179,7,5,1999,1999
1367,2665,5,6,1977,1977
1368,4435,6,5,2003,2004
1369,10635,8,5,2003,2003
1370,5400,4,6,1920,1950
1371,9600,6,6,1955,1996
1372,9750,7,6,1998,1998
1373,11400,10,5,2001,2002
1374,10625,7,5,2005,2005
1375,10991,8,5,2007,2007
1376,6292,6,5,1930,1950
1377,10998,5,5,1941,1960
1378,1953,6,5,1973,1973
1379,9735,5,5,2006,2007
1380,8212,3,3,1914,1950
1381,12925,6,7,1970,1970
1382,7200,7,7,1920,1950
1383,25339,5,7,1918,2007
1384,9060,6,5,1939,1950
1385,5436,4,8,1922,2007
1386,16692,7,5,1978,1978
1387,8520,6,7,1916,1950
1388,14892,9,5,2006,2007
1389,6000,6,6,1941,1950
1390,9100,7,5,2000,2000
1391,8944,5,5,1967,1967
1392,7838,5,5,1967,1967
1393,10800,6,7,1905,2000
1394,4045,7,5,2006,2006
1395,12665,8,5,2005,2006
1396,57200,5,5,1948,1950
1397,6120,5,8,1920,2004
1398,7200,5,4,1950,1982
1399,6171,6,6,1925,1990
1400,6000,6,7,1929,1950
1401,7415,6,5,2004,2004
1402,6762,7,5,2006,2006
1403,15256,8,5,2007,2007
1404,10410,3,4,1915,1950
1405,3842,8,5,2004,2005
1406,8445,5,7,1972,2007
1407,8780,5,5,1985,1985
1408,7740,4,7,1910,1950
1409,20544,7,6,1986,1991
1410,12420,7,5,2001,2001
1411,9600,6,8,1950,2005
1412,7200,4,5,1949,1950
1413,10994,8,5,2005,2006
1414,13053,6,7,1923,2000
1415,3635,7,5,2007,2007
1416,11340,4,6,1885,1950
1417,16545,8,5,1998,1998
1418,9204,5,5,1963,1963
1419,16381,6,5,1969,1969
1420,11700,6,6,1968,1968
1421,4043,6,5,1977,1977
1422,4435,6,5,2003,2003
1423,19690,6,7,1966,1966
1424,9503,5,5,1958,1983
1425,10721,6,6,1959,1959
1426,10944,7,5,1994,1994
1427,10930,5,6,1945,1950
1428,7200,5,7,1940,1992
1429,12546,6,7,1981,1981
1430,21930,5,5,2005,2005
1431,4928,6,6,1976,1976
1432,10800,4,6,1927,2007
1433,10261,6,5,2000,2000
1434,17400,5,5,1977,1977
1435,8400,6,9,1962,2005
1436,9000,4,6,1971,1971
1437,12444,8,5,2008,2008
1438,7407,6,7,1957,1996
1439,11584,7,6,1979,1979
1440,11526,6,7,1922,1994
1441,4426,6,5,2004,2004
1442,11003,10,5,2008,2008
1443,8854,6,6,1916,1950
1444,8500,7,5,2004,2004
1445,8400,6,5,1966,1966
1446,26142,5,7,1962,1962
1447,10000,8,5,1995,1996
1448,11767,4,7,1910,2000
1449,1533,5,7,1970,1970
1450,9000,5,5,1974,1974
1451,9262,8,5,2008,2009
1452,3675,5,5,2005,2005
1453,17217,5,5,2006,2006
1454,7500,7,5,2004,2005
1455,7917,6,5,1999,2000
1456,13175,6,6,1978,1988
1457,9042,7,9,1941,2006
1458,9717,5,6,1950,1996
1459,9937,5,6,1965,1965
